cycle,branch,model,modeldate,candidate_inc,candidate_chal,candidate_3rd,evprob_inc,evprob_chal,evprob_3rd,total_ev,timestamp,simulations
2020,President,polls-plus,10/28/2020,Trump,Biden,"",.001475,0,,99,21:36:04 28 Oct 2020,40000
2020,President,polls-plus,10/28/2020,Trump,Biden,"",.001425,0,,98,21:36:04 28 Oct 2020,40000
2020,President,polls-plus,10/28/2020,Trump,Biden,"",.001375,0,,97,21:36:04 28 Oct 2020,40000
2020,President,polls-plus,10/28/2020,Trump,Biden,"",.000925,0,,96,21:36:04 28 Oct 2020,40000
2020,President,polls-plus,10/28/2020,Trump,Biden,"",.00165,0,,95,21:36:04 28 Oct 2020,40000
2020,President,polls-plus,10/28/2020,Trump,Biden,"",.001225,0,,94,21:36:04 28 Oct 2020,40000
2020,President,polls-plus,10/28/2020,Trump,Biden,"",.0009,0,,93,21:36:04 28 Oct 2020,40000
2020,President,polls-plus,10/28/2020,Trump,Biden,"",.002175,0,,92,21:36:04 28 Oct 2020,40000
2020,President,polls-plus,10/28/2020,Trump,Biden,"",.001025,0,,91,21:36:04 28 Oct 2020,40000
2020,President,polls-plus,10/28/2020,Trump,Biden,"",.00075,0,,90,21:36:04 28 Oct 2020,40000
2020,President,polls-plus,10/28/2020,Trump,Biden,"",.00015,0,,9,21:36:04 28 Oct 2020,40000
2020,President,polls-plus,10/28/2020,Trump,Biden,"",.001875,0,,89,21:36:04 28 Oct 2020,40000
2020,President,polls-plus,10/28/2020,Trump,Biden,"",.0012,0,,88,21:36:04 28 Oct 2020,40000
2020,President,polls-plus,10/28/2020,Trump,Biden,"",.00055,.000025,,87,21:36:04 28 Oct 2020,40000
2020,President,polls-plus,10/28/2020,Trump,Biden,"",.001525,0,,86,21:36:04 28 Oct 2020,40000
2020,President,polls-plus,10/28/2020,Trump,Biden,"",.001125,0,,85,21:36:04 28 Oct 2020,40000
2020,President,polls-plus,10/28/2020,Trump,Biden,"",.000475,0,,84,21:36:04 28 Oct 2020,40000
2020,President,polls-plus,10/28/2020,Trump,Biden,"",.001575,0,,83,21:36:04 28 Oct 2020,40000
2020,President,polls-plus,10/28/2020,Trump,Biden,"",.000975,0,,82,21:36:04 28 Oct 2020,40000
2020,President,polls-plus,10/28/2020,Trump,Biden,"",.00055,0,,81,21:36:04 28 Oct 2020,40000
2020,President,polls-plus,10/28/2020,Trump,Biden,"",.00085,.000025,,80,21:36:04 28 Oct 2020,40000
2020,President,polls-plus,10/28/2020,Trump,Biden,"",.000125,0,,8,21:36:04 28 Oct 2020,40000
2020,President,polls-plus,10/28/2020,Trump,Biden,"",.0006,0,,79,21:36:04 28 Oct 2020,40000
2020,President,polls-plus,10/28/2020,Trump,Biden,"",.000925,0,,78,21:36:04 28 Oct 2020,40000
2020,President,polls-plus,10/28/2020,Trump,Biden,"",.00095,0,,77,21:36:04 28 Oct 2020,40000
2020,President,polls-plus,10/28/2020,Trump,Biden,"",.001025,0,,76,21:36:04 28 Oct 2020,40000
2020,President,polls-plus,10/28/2020,Trump,Biden,"",.000575,0,,75,21:36:04 28 Oct 2020,40000
2020,President,polls-plus,10/28/2020,Trump,Biden,"",.000525,0,,74,21:36:04 28 Oct 2020,40000
2020,President,polls-plus,10/28/2020,Trump,Biden,"",.0008,0,,73,21:36:04 28 Oct 2020,40000
2020,President,polls-plus,10/28/2020,Trump,Biden,"",.0007,0,,72,21:36:04 28 Oct 2020,40000
2020,President,polls-plus,10/28/2020,Trump,Biden,"",.00085,0,,71,21:36:04 28 Oct 2020,40000
2020,President,polls-plus,10/28/2020,Trump,Biden,"",.00035,0,,70,21:36:04 28 Oct 2020,40000
2020,President,polls-plus,10/28/2020,Trump,Biden,"",.000125,0,,7,21:36:04 28 Oct 2020,40000
2020,President,polls-plus,10/28/2020,Trump,Biden,"",.00075,0,,69,21:36:04 28 Oct 2020,40000
2020,President,polls-plus,10/28/2020,Trump,Biden,"",.000575,0,,68,21:36:04 28 Oct 2020,40000
2020,President,polls-plus,10/28/2020,Trump,Biden,"",.0007,0,,67,21:36:04 28 Oct 2020,40000
2020,President,polls-plus,10/28/2020,Trump,Biden,"",.000575,0,,66,21:36:04 28 Oct 2020,40000
2020,President,polls-plus,10/28/2020,Trump,Biden,"",.000525,0,,65,21:36:04 28 Oct 2020,40000
2020,President,polls-plus,10/28/2020,Trump,Biden,"",.000475,0,,64,21:36:04 28 Oct 2020,40000
2020,President,polls-plus,10/28/2020,Trump,Biden,"",.000525,0,,63,21:36:04 28 Oct 2020,40000
2020,President,polls-plus,10/28/2020,Trump,Biden,"",.0005,0,,62,21:36:04 28 Oct 2020,40000
2020,President,polls-plus,10/28/2020,Trump,Biden,"",.000325,0,,61,21:36:04 28 Oct 2020,40000
2020,President,polls-plus,10/28/2020,Trump,Biden,"",.00055,0,,60,21:36:04 28 Oct 2020,40000
2020,President,polls-plus,10/28/2020,Trump,Biden,"",.000125,0,,6,21:36:04 28 Oct 2020,40000
2020,President,polls-plus,10/28/2020,Trump,Biden,"",.000275,0,,59,21:36:04 28 Oct 2020,40000
2020,President,polls-plus,10/28/2020,Trump,Biden,"",.0005,0,,58,21:36:04 28 Oct 2020,40000
2020,President,polls-plus,10/28/2020,Trump,Biden,"",.00045,0,,57,21:36:04 28 Oct 2020,40000
2020,President,polls-plus,10/28/2020,Trump,Biden,"",.000325,0,,56,21:36:04 28 Oct 2020,40000
2020,President,polls-plus,10/28/2020,Trump,Biden,"",.000375,0,,55,21:36:04 28 Oct 2020,40000
2020,President,polls-plus,10/28/2020,Trump,Biden,"",.000475,0,,54,21:36:04 28 Oct 2020,40000
2020,President,polls-plus,10/28/2020,Trump,Biden,"",0,0,,538,21:36:04 28 Oct 2020,40000
2020,President,polls-plus,10/28/2020,Trump,Biden,"",0,.0001,,537,21:36:04 28 Oct 2020,40000
2020,President,polls-plus,10/28/2020,Trump,Biden,"",0,.000025,,536,21:36:04 28 Oct 2020,40000
2020,President,polls-plus,10/28/2020,Trump,Biden,"",0,.000025,,535,21:36:04 28 Oct 2020,40000
2020,President,polls-plus,10/28/2020,Trump,Biden,"",0,.000475,,534,21:36:04 28 Oct 2020,40000
2020,President,polls-plus,10/28/2020,Trump,Biden,"",0,.0001,,533,21:36:04 28 Oct 2020,40000
2020,President,polls-plus,10/28/2020,Trump,Biden,"",0,.000125,,532,21:36:04 28 Oct 2020,40000
2020,President,polls-plus,10/28/2020,Trump,Biden,"",0,.000125,,531,21:36:04 28 Oct 2020,40000
2020,President,polls-plus,10/28/2020,Trump,Biden,"",0,.000125,,530,21:36:04 28 Oct 2020,40000
2020,President,polls-plus,10/28/2020,Trump,Biden,"",.0002,0,,53,21:36:04 28 Oct 2020,40000
2020,President,polls-plus,10/28/2020,Trump,Biden,"",0,.00015,,529,21:36:04 28 Oct 2020,40000
2020,President,polls-plus,10/28/2020,Trump,Biden,"",0,.0001,,528,21:36:04 28 Oct 2020,40000
2020,President,polls-plus,10/28/2020,Trump,Biden,"",0,.000125,,527,21:36:04 28 Oct 2020,40000
2020,President,polls-plus,10/28/2020,Trump,Biden,"",0,.000075,,526,21:36:04 28 Oct 2020,40000
2020,President,polls-plus,10/28/2020,Trump,Biden,"",0,.00015,,525,21:36:04 28 Oct 2020,40000
2020,President,polls-plus,10/28/2020,Trump,Biden,"",0,.0001,,524,21:36:04 28 Oct 2020,40000
2020,President,polls-plus,10/28/2020,Trump,Biden,"",0,.00005,,523,21:36:04 28 Oct 2020,40000
2020,President,polls-plus,10/28/2020,Trump,Biden,"",0,.0001,,522,21:36:04 28 Oct 2020,40000
2020,President,polls-plus,10/28/2020,Trump,Biden,"",0,.000025,,521,21:36:04 28 Oct 2020,40000
2020,President,polls-plus,10/28/2020,Trump,Biden,"",0,.0001,,520,21:36:04 28 Oct 2020,40000
2020,President,polls-plus,10/28/2020,Trump,Biden,"",.0002,0,,52,21:36:04 28 Oct 2020,40000
2020,President,polls-plus,10/28/2020,Trump,Biden,"",0,.00005,,519,21:36:04 28 Oct 2020,40000
2020,President,polls-plus,10/28/2020,Trump,Biden,"",0,.00025,,518,21:36:04 28 Oct 2020,40000
2020,President,polls-plus,10/28/2020,Trump,Biden,"",0,0,,517,21:36:04 28 Oct 2020,40000
2020,President,polls-plus,10/28/2020,Trump,Biden,"",0,.000175,,516,21:36:04 28 Oct 2020,40000
2020,President,polls-plus,10/28/2020,Trump,Biden,"",0,.0001,,515,21:36:04 28 Oct 2020,40000
2020,President,polls-plus,10/28/2020,Trump,Biden,"",0,.00005,,514,21:36:04 28 Oct 2020,40000
2020,President,polls-plus,10/28/2020,Trump,Biden,"",0,.0001,,513,21:36:04 28 Oct 2020,40000
2020,President,polls-plus,10/28/2020,Trump,Biden,"",0,.000125,,512,21:36:04 28 Oct 2020,40000
2020,President,polls-plus,10/28/2020,Trump,Biden,"",0,.0001,,511,21:36:04 28 Oct 2020,40000
2020,President,polls-plus,10/28/2020,Trump,Biden,"",0,.00005,,510,21:36:04 28 Oct 2020,40000
2020,President,polls-plus,10/28/2020,Trump,Biden,"",.0002,0,,51,21:36:04 28 Oct 2020,40000
2020,President,polls-plus,10/28/2020,Trump,Biden,"",0,.0001,,509,21:36:04 28 Oct 2020,40000
2020,President,polls-plus,10/28/2020,Trump,Biden,"",0,.000125,,508,21:36:04 28 Oct 2020,40000
2020,President,polls-plus,10/28/2020,Trump,Biden,"",0,.000175,,507,21:36:04 28 Oct 2020,40000
2020,President,polls-plus,10/28/2020,Trump,Biden,"",0,.000125,,506,21:36:04 28 Oct 2020,40000
2020,President,polls-plus,10/28/2020,Trump,Biden,"",0,.000175,,505,21:36:04 28 Oct 2020,40000
2020,President,polls-plus,10/28/2020,Trump,Biden,"",0,.0001,,504,21:36:04 28 Oct 2020,40000
2020,President,polls-plus,10/28/2020,Trump,Biden,"",0,.000075,,503,21:36:04 28 Oct 2020,40000
2020,President,polls-plus,10/28/2020,Trump,Biden,"",0,.00025,,502,21:36:04 28 Oct 2020,40000
2020,President,polls-plus,10/28/2020,Trump,Biden,"",0,.00005,,501,21:36:04 28 Oct 2020,40000
2020,President,polls-plus,10/28/2020,Trump,Biden,"",0,.000175,,500,21:36:04 28 Oct 2020,40000
2020,President,polls-plus,10/28/2020,Trump,Biden,"",.000125,0,,50,21:36:04 28 Oct 2020,40000
2020,President,polls-plus,10/28/2020,Trump,Biden,"",.0001,0,,5,21:36:04 28 Oct 2020,40000
2020,President,polls-plus,10/28/2020,Trump,Biden,"",0,.000425,,499,21:36:04 28 Oct 2020,40000
2020,President,polls-plus,10/28/2020,Trump,Biden,"",0,.0002,,498,21:36:04 28 Oct 2020,40000
2020,President,polls-plus,10/28/2020,Trump,Biden,"",0,.000175,,497,21:36:04 28 Oct 2020,40000
2020,President,polls-plus,10/28/2020,Trump,Biden,"",0,.000175,,496,21:36:04 28 Oct 2020,40000
2020,President,polls-plus,10/28/2020,Trump,Biden,"",0,.000275,,495,21:36:04 28 Oct 2020,40000
2020,President,polls-plus,10/28/2020,Trump,Biden,"",0,.00005,,494,21:36:04 28 Oct 2020,40000
2020,President,polls-plus,10/28/2020,Trump,Biden,"",0,.000275,,493,21:36:04 28 Oct 2020,40000
2020,President,polls-plus,10/28/2020,Trump,Biden,"",0,.000125,,492,21:36:04 28 Oct 2020,40000
2020,President,polls-plus,10/28/2020,Trump,Biden,"",0,.000175,,491,21:36:04 28 Oct 2020,40000
2020,President,polls-plus,10/28/2020,Trump,Biden,"",0,.000225,,490,21:36:04 28 Oct 2020,40000
2020,President,polls-plus,10/28/2020,Trump,Biden,"",.000375,0,,49,21:36:04 28 Oct 2020,40000
2020,President,polls-plus,10/28/2020,Trump,Biden,"",0,.000375,,489,21:36:04 28 Oct 2020,40000
2020,President,polls-plus,10/28/2020,Trump,Biden,"",0,.000125,,488,21:36:04 28 Oct 2020,40000
2020,President,polls-plus,10/28/2020,Trump,Biden,"",0,.0002,,487,21:36:04 28 Oct 2020,40000
2020,President,polls-plus,10/28/2020,Trump,Biden,"",0,.0002,,486,21:36:04 28 Oct 2020,40000
2020,President,polls-plus,10/28/2020,Trump,Biden,"",0,.0002,,485,21:36:04 28 Oct 2020,40000
2020,President,polls-plus,10/28/2020,Trump,Biden,"",0,.000475,,484,21:36:04 28 Oct 2020,40000
2020,President,polls-plus,10/28/2020,Trump,Biden,"",0,.000375,,483,21:36:04 28 Oct 2020,40000
2020,President,polls-plus,10/28/2020,Trump,Biden,"",0,.000325,,482,21:36:04 28 Oct 2020,40000
2020,President,polls-plus,10/28/2020,Trump,Biden,"",0,.00045,,481,21:36:04 28 Oct 2020,40000
2020,President,polls-plus,10/28/2020,Trump,Biden,"",0,.0005,,480,21:36:04 28 Oct 2020,40000
2020,President,polls-plus,10/28/2020,Trump,Biden,"",.000225,0,,48,21:36:04 28 Oct 2020,40000
2020,President,polls-plus,10/28/2020,Trump,Biden,"",0,.000275,,479,21:36:04 28 Oct 2020,40000
2020,President,polls-plus,10/28/2020,Trump,Biden,"",0,.00055,,478,21:36:04 28 Oct 2020,40000
2020,President,polls-plus,10/28/2020,Trump,Biden,"",0,.000325,,477,21:36:04 28 Oct 2020,40000
2020,President,polls-plus,10/28/2020,Trump,Biden,"",0,.0005,,476,21:36:04 28 Oct 2020,40000
2020,President,polls-plus,10/28/2020,Trump,Biden,"",0,.000525,,475,21:36:04 28 Oct 2020,40000
2020,President,polls-plus,10/28/2020,Trump,Biden,"",0,.000475,,474,21:36:04 28 Oct 2020,40000
2020,President,polls-plus,10/28/2020,Trump,Biden,"",0,.000525,,473,21:36:04 28 Oct 2020,40000
2020,President,polls-plus,10/28/2020,Trump,Biden,"",0,.000575,,472,21:36:04 28 Oct 2020,40000
2020,President,polls-plus,10/28/2020,Trump,Biden,"",0,.0007,,471,21:36:04 28 Oct 2020,40000
2020,President,polls-plus,10/28/2020,Trump,Biden,"",0,.000575,,470,21:36:04 28 Oct 2020,40000
2020,President,polls-plus,10/28/2020,Trump,Biden,"",.000175,0,,47,21:36:04 28 Oct 2020,40000
2020,President,polls-plus,10/28/2020,Trump,Biden,"",0,.00075,,469,21:36:04 28 Oct 2020,40000
2020,President,polls-plus,10/28/2020,Trump,Biden,"",0,.00035,,468,21:36:04 28 Oct 2020,40000
2020,President,polls-plus,10/28/2020,Trump,Biden,"",0,.00085,,467,21:36:04 28 Oct 2020,40000
2020,President,polls-plus,10/28/2020,Trump,Biden,"",0,.0007,,466,21:36:04 28 Oct 2020,40000
2020,President,polls-plus,10/28/2020,Trump,Biden,"",0,.0008,,465,21:36:04 28 Oct 2020,40000
2020,President,polls-plus,10/28/2020,Trump,Biden,"",0,.000525,,464,21:36:04 28 Oct 2020,40000
2020,President,polls-plus,10/28/2020,Trump,Biden,"",0,.000575,,463,21:36:04 28 Oct 2020,40000
2020,President,polls-plus,10/28/2020,Trump,Biden,"",0,.001025,,462,21:36:04 28 Oct 2020,40000
2020,President,polls-plus,10/28/2020,Trump,Biden,"",0,.00095,,461,21:36:04 28 Oct 2020,40000
2020,President,polls-plus,10/28/2020,Trump,Biden,"",0,.000925,,460,21:36:04 28 Oct 2020,40000
2020,President,polls-plus,10/28/2020,Trump,Biden,"",.000125,0,,46,21:36:04 28 Oct 2020,40000
2020,President,polls-plus,10/28/2020,Trump,Biden,"",0,.0006,,459,21:36:04 28 Oct 2020,40000
2020,President,polls-plus,10/28/2020,Trump,Biden,"",.000025,.00085,,458,21:36:04 28 Oct 2020,40000
2020,President,polls-plus,10/28/2020,Trump,Biden,"",0,.00055,,457,21:36:04 28 Oct 2020,40000
2020,President,polls-plus,10/28/2020,Trump,Biden,"",0,.000975,,456,21:36:04 28 Oct 2020,40000
2020,President,polls-plus,10/28/2020,Trump,Biden,"",0,.001575,,455,21:36:04 28 Oct 2020,40000
2020,President,polls-plus,10/28/2020,Trump,Biden,"",0,.000475,,454,21:36:04 28 Oct 2020,40000
2020,President,polls-plus,10/28/2020,Trump,Biden,"",0,.001125,,453,21:36:04 28 Oct 2020,40000
2020,President,polls-plus,10/28/2020,Trump,Biden,"",0,.001525,,452,21:36:04 28 Oct 2020,40000
2020,President,polls-plus,10/28/2020,Trump,Biden,"",.000025,.00055,,451,21:36:04 28 Oct 2020,40000
2020,President,polls-plus,10/28/2020,Trump,Biden,"",0,.0012,,450,21:36:04 28 Oct 2020,40000
2020,President,polls-plus,10/28/2020,Trump,Biden,"",.000275,0,,45,21:36:04 28 Oct 2020,40000
2020,President,polls-plus,10/28/2020,Trump,Biden,"",0,.001875,,449,21:36:04 28 Oct 2020,40000
2020,President,polls-plus,10/28/2020,Trump,Biden,"",0,.00075,,448,21:36:04 28 Oct 2020,40000
2020,President,polls-plus,10/28/2020,Trump,Biden,"",0,.001025,,447,21:36:04 28 Oct 2020,40000
2020,President,polls-plus,10/28/2020,Trump,Biden,"",0,.002175,,446,21:36:04 28 Oct 2020,40000
2020,President,polls-plus,10/28/2020,Trump,Biden,"",0,.0009,,445,21:36:04 28 Oct 2020,40000
2020,President,polls-plus,10/28/2020,Trump,Biden,"",0,.001225,,444,21:36:04 28 Oct 2020,40000
2020,President,polls-plus,10/28/2020,Trump,Biden,"",0,.00165,,443,21:36:04 28 Oct 2020,40000
2020,President,polls-plus,10/28/2020,Trump,Biden,"",0,.000925,,442,21:36:04 28 Oct 2020,40000
2020,President,polls-plus,10/28/2020,Trump,Biden,"",0,.001375,,441,21:36:04 28 Oct 2020,40000
2020,President,polls-plus,10/28/2020,Trump,Biden,"",0,.001425,,440,21:36:04 28 Oct 2020,40000
2020,President,polls-plus,10/28/2020,Trump,Biden,"",.00005,0,,44,21:36:04 28 Oct 2020,40000
2020,President,polls-plus,10/28/2020,Trump,Biden,"",0,.001475,,439,21:36:04 28 Oct 2020,40000
2020,President,polls-plus,10/28/2020,Trump,Biden,"",0,.00185,,438,21:36:04 28 Oct 2020,40000
2020,President,polls-plus,10/28/2020,Trump,Biden,"",0,.00165,,437,21:36:04 28 Oct 2020,40000
2020,President,polls-plus,10/28/2020,Trump,Biden,"",0,.00165,,436,21:36:04 28 Oct 2020,40000
2020,President,polls-plus,10/28/2020,Trump,Biden,"",0,.0027,,435,21:36:04 28 Oct 2020,40000
2020,President,polls-plus,10/28/2020,Trump,Biden,"",0,.002525,,434,21:36:04 28 Oct 2020,40000
2020,President,polls-plus,10/28/2020,Trump,Biden,"",0,.0012,,433,21:36:04 28 Oct 2020,40000
2020,President,polls-plus,10/28/2020,Trump,Biden,"",0,.002225,,432,21:36:04 28 Oct 2020,40000
2020,President,polls-plus,10/28/2020,Trump,Biden,"",0,.002125,,431,21:36:04 28 Oct 2020,40000
2020,President,polls-plus,10/28/2020,Trump,Biden,"",0,.001675,,430,21:36:04 28 Oct 2020,40000
2020,President,polls-plus,10/28/2020,Trump,Biden,"",.000275,0,,43,21:36:04 28 Oct 2020,40000
2020,President,polls-plus,10/28/2020,Trump,Biden,"",0,.002725,,429,21:36:04 28 Oct 2020,40000
2020,President,polls-plus,10/28/2020,Trump,Biden,"",0,.003025,,428,21:36:04 28 Oct 2020,40000
2020,President,polls-plus,10/28/2020,Trump,Biden,"",.000025,.002825,,427,21:36:04 28 Oct 2020,40000
2020,President,polls-plus,10/28/2020,Trump,Biden,"",0,.002925,,426,21:36:04 28 Oct 2020,40000
2020,President,polls-plus,10/28/2020,Trump,Biden,"",0,.00485,,425,21:36:04 28 Oct 2020,40000
2020,President,polls-plus,10/28/2020,Trump,Biden,"",.000025,.00205,,424,21:36:04 28 Oct 2020,40000
2020,President,polls-plus,10/28/2020,Trump,Biden,"",0,.002825,,423,21:36:04 28 Oct 2020,40000
2020,President,polls-plus,10/28/2020,Trump,Biden,"",0,.00585,,422,21:36:04 28 Oct 2020,40000
2020,President,polls-plus,10/28/2020,Trump,Biden,"",0,.00245,,421,21:36:04 28 Oct 2020,40000
2020,President,polls-plus,10/28/2020,Trump,Biden,"",0,.000925,,420,21:36:04 28 Oct 2020,40000
2020,President,polls-plus,10/28/2020,Trump,Biden,"",.000175,0,,42,21:36:04 28 Oct 2020,40000
2020,President,polls-plus,10/28/2020,Trump,Biden,"",.00005,.010475,,419,21:36:04 28 Oct 2020,40000
2020,President,polls-plus,10/28/2020,Trump,Biden,"",0,.002525,,418,21:36:04 28 Oct 2020,40000
2020,President,polls-plus,10/28/2020,Trump,Biden,"",0,.002075,,417,21:36:04 28 Oct 2020,40000
2020,President,polls-plus,10/28/2020,Trump,Biden,"",.000025,.018175,,416,21:36:04 28 Oct 2020,40000
2020,President,polls-plus,10/28/2020,Trump,Biden,"",.000025,.0035,,415,21:36:04 28 Oct 2020,40000
2020,President,polls-plus,10/28/2020,Trump,Biden,"",0,.001425,,414,21:36:04 28 Oct 2020,40000
2020,President,polls-plus,10/28/2020,Trump,Biden,"",0,.038725,,413,21:36:04 28 Oct 2020,40000
2020,President,polls-plus,10/28/2020,Trump,Biden,"",0,.014425,,412,21:36:04 28 Oct 2020,40000
2020,President,polls-plus,10/28/2020,Trump,Biden,"",0,.001275,,411,21:36:04 28 Oct 2020,40000
2020,President,polls-plus,10/28/2020,Trump,Biden,"",0,.002175,,410,21:36:04 28 Oct 2020,40000
2020,President,polls-plus,10/28/2020,Trump,Biden,"",.000175,0,,41,21:36:04 28 Oct 2020,40000
2020,President,polls-plus,10/28/2020,Trump,Biden,"",.000025,.00165,,409,21:36:04 28 Oct 2020,40000
2020,President,polls-plus,10/28/2020,Trump,Biden,"",0,.0013,,408,21:36:04 28 Oct 2020,40000
2020,President,polls-plus,10/28/2020,Trump,Biden,"",0,.00405,,407,21:36:04 28 Oct 2020,40000
2020,President,polls-plus,10/28/2020,Trump,Biden,"",0,.00445,,406,21:36:04 28 Oct 2020,40000
2020,President,polls-plus,10/28/2020,Trump,Biden,"",.000025,.00115,,405,21:36:04 28 Oct 2020,40000
2020,President,polls-plus,10/28/2020,Trump,Biden,"",0,.0016,,404,21:36:04 28 Oct 2020,40000
2020,President,polls-plus,10/28/2020,Trump,Biden,"",0,.002325,,403,21:36:04 28 Oct 2020,40000
2020,President,polls-plus,10/28/2020,Trump,Biden,"",0,.0016,,402,21:36:04 28 Oct 2020,40000
2020,President,polls-plus,10/28/2020,Trump,Biden,"",.000025,.001975,,401,21:36:04 28 Oct 2020,40000
2020,President,polls-plus,10/28/2020,Trump,Biden,"",0,.003625,,400,21:36:04 28 Oct 2020,40000
2020,President,polls-plus,10/28/2020,Trump,Biden,"",.0002,0,,40,21:36:04 28 Oct 2020,40000
2020,President,polls-plus,10/28/2020,Trump,Biden,"",.000475,0,,4,21:36:04 28 Oct 2020,40000
2020,President,polls-plus,10/28/2020,Trump,Biden,"",0,.001075,,399,21:36:04 28 Oct 2020,40000
2020,President,polls-plus,10/28/2020,Trump,Biden,"",.000025,.002425,,398,21:36:04 28 Oct 2020,40000
2020,President,polls-plus,10/28/2020,Trump,Biden,"",.00005,.005775,,397,21:36:04 28 Oct 2020,40000
2020,President,polls-plus,10/28/2020,Trump,Biden,"",.000075,.001925,,396,21:36:04 28 Oct 2020,40000
2020,President,polls-plus,10/28/2020,Trump,Biden,"",.000025,.006,,395,21:36:04 28 Oct 2020,40000
2020,President,polls-plus,10/28/2020,Trump,Biden,"",.000025,.0096,,394,21:36:04 28 Oct 2020,40000
2020,President,polls-plus,10/28/2020,Trump,Biden,"",0,.00115,,393,21:36:04 28 Oct 2020,40000
2020,President,polls-plus,10/28/2020,Trump,Biden,"",0,.002275,,392,21:36:04 28 Oct 2020,40000
2020,President,polls-plus,10/28/2020,Trump,Biden,"",0,.0025,,391,21:36:04 28 Oct 2020,40000
2020,President,polls-plus,10/28/2020,Trump,Biden,"",0,.002125,,390,21:36:04 28 Oct 2020,40000
2020,President,polls-plus,10/28/2020,Trump,Biden,"",.000425,0,,39,21:36:04 28 Oct 2020,40000
2020,President,polls-plus,10/28/2020,Trump,Biden,"",.000075,.0032,,389,21:36:04 28 Oct 2020,40000
2020,President,polls-plus,10/28/2020,Trump,Biden,"",0,.00995,,388,21:36:04 28 Oct 2020,40000
2020,President,polls-plus,10/28/2020,Trump,Biden,"",0,.0027,,387,21:36:04 28 Oct 2020,40000
2020,President,polls-plus,10/28/2020,Trump,Biden,"",0,.002075,,386,21:36:04 28 Oct 2020,40000
2020,President,polls-plus,10/28/2020,Trump,Biden,"",0,.002,,385,21:36:04 28 Oct 2020,40000
2020,President,polls-plus,10/28/2020,Trump,Biden,"",0,.0032,,384,21:36:04 28 Oct 2020,40000
2020,President,polls-plus,10/28/2020,Trump,Biden,"",.000025,.002175,,383,21:36:04 28 Oct 2020,40000
2020,President,polls-plus,10/28/2020,Trump,Biden,"",.00005,.002275,,382,21:36:04 28 Oct 2020,40000
2020,President,polls-plus,10/28/2020,Trump,Biden,"",.000025,.005825,,381,21:36:04 28 Oct 2020,40000
2020,President,polls-plus,10/28/2020,Trump,Biden,"",.000025,.0018,,380,21:36:04 28 Oct 2020,40000
2020,President,polls-plus,10/28/2020,Trump,Biden,"",.000175,0,,38,21:36:04 28 Oct 2020,40000
2020,President,polls-plus,10/28/2020,Trump,Biden,"",0,.00335,,379,21:36:04 28 Oct 2020,40000
2020,President,polls-plus,10/28/2020,Trump,Biden,"",.00005,.012025,,378,21:36:04 28 Oct 2020,40000
2020,President,polls-plus,10/28/2020,Trump,Biden,"",.00005,.002825,,377,21:36:04 28 Oct 2020,40000
2020,President,polls-plus,10/28/2020,Trump,Biden,"",.000075,.00125,,376,21:36:04 28 Oct 2020,40000
2020,President,polls-plus,10/28/2020,Trump,Biden,"",.000075,.03445,,375,21:36:04 28 Oct 2020,40000
2020,President,polls-plus,10/28/2020,Trump,Biden,"",.000075,.009675,,374,21:36:04 28 Oct 2020,40000
2020,President,polls-plus,10/28/2020,Trump,Biden,"",.000025,.00305,,373,21:36:04 28 Oct 2020,40000
2020,President,polls-plus,10/28/2020,Trump,Biden,"",0,.003375,,372,21:36:04 28 Oct 2020,40000
2020,President,polls-plus,10/28/2020,Trump,Biden,"",.000025,.0023,,371,21:36:04 28 Oct 2020,40000
2020,President,polls-plus,10/28/2020,Trump,Biden,"",.000075,.001675,,370,21:36:04 28 Oct 2020,40000
2020,President,polls-plus,10/28/2020,Trump,Biden,"",.00005,0,,37,21:36:04 28 Oct 2020,40000
2020,President,polls-plus,10/28/2020,Trump,Biden,"",.000075,.006225,,369,21:36:04 28 Oct 2020,40000
2020,President,polls-plus,10/28/2020,Trump,Biden,"",.00005,.005325,,368,21:36:04 28 Oct 2020,40000
2020,President,polls-plus,10/28/2020,Trump,Biden,"",.0001,.0016,,367,21:36:04 28 Oct 2020,40000
2020,President,polls-plus,10/28/2020,Trump,Biden,"",.000025,.00165,,366,21:36:04 28 Oct 2020,40000
2020,President,polls-plus,10/28/2020,Trump,Biden,"",0,.0027,,365,21:36:04 28 Oct 2020,40000
2020,President,polls-plus,10/28/2020,Trump,Biden,"",0,.004425,,364,21:36:04 28 Oct 2020,40000
2020,President,polls-plus,10/28/2020,Trump,Biden,"",.000325,.003825,,363,21:36:04 28 Oct 2020,40000
2020,President,polls-plus,10/28/2020,Trump,Biden,"",.00035,.00525,,362,21:36:04 28 Oct 2020,40000
2020,President,polls-plus,10/28/2020,Trump,Biden,"",.00005,.001775,,361,21:36:04 28 Oct 2020,40000
2020,President,polls-plus,10/28/2020,Trump,Biden,"",.000025,.004475,,360,21:36:04 28 Oct 2020,40000
2020,President,polls-plus,10/28/2020,Trump,Biden,"",.00025,0,,36,21:36:04 28 Oct 2020,40000
2020,President,polls-plus,10/28/2020,Trump,Biden,"",.00005,.01375,,359,21:36:04 28 Oct 2020,40000
2020,President,polls-plus,10/28/2020,Trump,Biden,"",.000125,.00405,,358,21:36:04 28 Oct 2020,40000
2020,President,polls-plus,10/28/2020,Trump,Biden,"",.0001,.013525,,357,21:36:04 28 Oct 2020,40000
2020,President,polls-plus,10/28/2020,Trump,Biden,"",.000075,.01415,,356,21:36:04 28 Oct 2020,40000
2020,President,polls-plus,10/28/2020,Trump,Biden,"",.0006,.0014,,355,21:36:04 28 Oct 2020,40000
2020,President,polls-plus,10/28/2020,Trump,Biden,"",0,.002275,,354,21:36:04 28 Oct 2020,40000
2020,President,polls-plus,10/28/2020,Trump,Biden,"",.000175,.0053,,353,21:36:04 28 Oct 2020,40000
2020,President,polls-plus,10/28/2020,Trump,Biden,"",.000075,.0032,,352,21:36:04 28 Oct 2020,40000
2020,President,polls-plus,10/28/2020,Trump,Biden,"",.0001,.0083,,351,21:36:04 28 Oct 2020,40000
2020,President,polls-plus,10/28/2020,Trump,Biden,"",.0005,.0164,,350,21:36:04 28 Oct 2020,40000
2020,President,polls-plus,10/28/2020,Trump,Biden,"",.000075,0,,35,21:36:04 28 Oct 2020,40000
2020,President,polls-plus,10/28/2020,Trump,Biden,"",.0002,.00445,,349,21:36:04 28 Oct 2020,40000
2020,President,polls-plus,10/28/2020,Trump,Biden,"",.00015,.0035,,348,21:36:04 28 Oct 2020,40000
2020,President,polls-plus,10/28/2020,Trump,Biden,"",.00005,.003175,,347,21:36:04 28 Oct 2020,40000
2020,President,polls-plus,10/28/2020,Trump,Biden,"",.000175,.00545,,346,21:36:04 28 Oct 2020,40000
2020,President,polls-plus,10/28/2020,Trump,Biden,"",.000325,.003575,,345,21:36:04 28 Oct 2020,40000
2020,President,polls-plus,10/28/2020,Trump,Biden,"",.000325,.00565,,344,21:36:04 28 Oct 2020,40000
2020,President,polls-plus,10/28/2020,Trump,Biden,"",.000275,.0033,,343,21:36:04 28 Oct 2020,40000
2020,President,polls-plus,10/28/2020,Trump,Biden,"",.000725,.003425,,342,21:36:04 28 Oct 2020,40000
2020,President,polls-plus,10/28/2020,Trump,Biden,"",.000325,.010175,,341,21:36:04 28 Oct 2020,40000
2020,President,polls-plus,10/28/2020,Trump,Biden,"",.000625,.00735,,340,21:36:04 28 Oct 2020,40000
2020,President,polls-plus,10/28/2020,Trump,Biden,"",.0001,0,,34,21:36:04 28 Oct 2020,40000
2020,President,polls-plus,10/28/2020,Trump,Biden,"",.0004,.0069,,339,21:36:04 28 Oct 2020,40000
2020,President,polls-plus,10/28/2020,Trump,Biden,"",.000375,.003275,,338,21:36:04 28 Oct 2020,40000
2020,President,polls-plus,10/28/2020,Trump,Biden,"",.000925,.002825,,337,21:36:04 28 Oct 2020,40000
2020,President,polls-plus,10/28/2020,Trump,Biden,"",.000275,.003075,,336,21:36:04 28 Oct 2020,40000
2020,President,polls-plus,10/28/2020,Trump,Biden,"",.0008,.0116,,335,21:36:04 28 Oct 2020,40000
2020,President,polls-plus,10/28/2020,Trump,Biden,"",.000225,.0108,,334,21:36:04 28 Oct 2020,40000
2020,President,polls-plus,10/28/2020,Trump,Biden,"",.00105,.00525,,333,21:36:04 28 Oct 2020,40000
2020,President,polls-plus,10/28/2020,Trump,Biden,"",.00015,.00175,,332,21:36:04 28 Oct 2020,40000
2020,President,polls-plus,10/28/2020,Trump,Biden,"",.000575,.0022,,331,21:36:04 28 Oct 2020,40000
2020,President,polls-plus,10/28/2020,Trump,Biden,"",.000275,.00635,,330,21:36:04 28 Oct 2020,40000
2020,President,polls-plus,10/28/2020,Trump,Biden,"",.000175,0,,33,21:36:04 28 Oct 2020,40000
2020,President,polls-plus,10/28/2020,Trump,Biden,"",.000625,.004425,,329,21:36:04 28 Oct 2020,40000
2020,President,polls-plus,10/28/2020,Trump,Biden,"",.002775,.00435,,328,21:36:04 28 Oct 2020,40000
2020,President,polls-plus,10/28/2020,Trump,Biden,"",.000675,.00355,,327,21:36:04 28 Oct 2020,40000
2020,President,polls-plus,10/28/2020,Trump,Biden,"",.002,.003975,,326,21:36:04 28 Oct 2020,40000
2020,President,polls-plus,10/28/2020,Trump,Biden,"",.0006,.00555,,325,21:36:04 28 Oct 2020,40000
2020,President,polls-plus,10/28/2020,Trump,Biden,"",.000625,.006175,,324,21:36:04 28 Oct 2020,40000
2020,President,polls-plus,10/28/2020,Trump,Biden,"",.000675,.006075,,323,21:36:04 28 Oct 2020,40000
2020,President,polls-plus,10/28/2020,Trump,Biden,"",.002725,.004675,,322,21:36:04 28 Oct 2020,40000
2020,President,polls-plus,10/28/2020,Trump,Biden,"",.000675,.0046,,321,21:36:04 28 Oct 2020,40000
2020,President,polls-plus,10/28/2020,Trump,Biden,"",.0006,.004875,,320,21:36:04 28 Oct 2020,40000
2020,President,polls-plus,10/28/2020,Trump,Biden,"",.000125,0,,32,21:36:04 28 Oct 2020,40000
2020,President,polls-plus,10/28/2020,Trump,Biden,"",.000675,.015275,,319,21:36:04 28 Oct 2020,40000
2020,President,polls-plus,10/28/2020,Trump,Biden,"",.0011,.005475,,318,21:36:04 28 Oct 2020,40000
2020,President,polls-plus,10/28/2020,Trump,Biden,"",.00075,.003275,,317,21:36:04 28 Oct 2020,40000
2020,President,polls-plus,10/28/2020,Trump,Biden,"",.001375,.00345,,316,21:36:04 28 Oct 2020,40000
2020,President,polls-plus,10/28/2020,Trump,Biden,"",.000775,.005325,,315,21:36:04 28 Oct 2020,40000
2020,President,polls-plus,10/28/2020,Trump,Biden,"",.000525,.003425,,314,21:36:04 28 Oct 2020,40000
2020,President,polls-plus,10/28/2020,Trump,Biden,"",.000675,.005775,,313,21:36:04 28 Oct 2020,40000
2020,President,polls-plus,10/28/2020,Trump,Biden,"",.00235,.005425,,312,21:36:04 28 Oct 2020,40000
2020,President,polls-plus,10/28/2020,Trump,Biden,"",.0017,.004125,,311,21:36:04 28 Oct 2020,40000
2020,President,polls-plus,10/28/2020,Trump,Biden,"",.001225,.00525,,310,21:36:04 28 Oct 2020,40000
2020,President,polls-plus,10/28/2020,Trump,Biden,"",.000175,0,,31,21:36:04 28 Oct 2020,40000
2020,President,polls-plus,10/28/2020,Trump,Biden,"",.00065,.0054,,309,21:36:04 28 Oct 2020,40000
2020,President,polls-plus,10/28/2020,Trump,Biden,"",.0007,.005025,,308,21:36:04 28 Oct 2020,40000
2020,President,polls-plus,10/28/2020,Trump,Biden,"",.000675,.00325,,307,21:36:04 28 Oct 2020,40000
2020,President,polls-plus,10/28/2020,Trump,Biden,"",.002475,.00645,,306,21:36:04 28 Oct 2020,40000
2020,President,polls-plus,10/28/2020,Trump,Biden,"",.00125,.007175,,305,21:36:04 28 Oct 2020,40000
2020,President,polls-plus,10/28/2020,Trump,Biden,"",.001175,.004025,,304,21:36:04 28 Oct 2020,40000
2020,President,polls-plus,10/28/2020,Trump,Biden,"",.00055,.002025,,303,21:36:04 28 Oct 2020,40000
2020,President,polls-plus,10/28/2020,Trump,Biden,"",.002125,.001925,,302,21:36:04 28 Oct 2020,40000
2020,President,polls-plus,10/28/2020,Trump,Biden,"",.001475,.0035,,301,21:36:04 28 Oct 2020,40000
2020,President,polls-plus,10/28/2020,Trump,Biden,"",.0019,.003325,,300,21:36:04 28 Oct 2020,40000
2020,President,polls-plus,10/28/2020,Trump,Biden,"",.000125,0,,30,21:36:04 28 Oct 2020,40000
2020,President,polls-plus,10/28/2020,Trump,Biden,"",.000025,0,,3,21:36:04 28 Oct 2020,40000
2020,President,polls-plus,10/28/2020,Trump,Biden,"",.0007,.002725,,299,21:36:04 28 Oct 2020,40000
2020,President,polls-plus,10/28/2020,Trump,Biden,"",.00045,.004125,,298,21:36:04 28 Oct 2020,40000
2020,President,polls-plus,10/28/2020,Trump,Biden,"",.0006,.00575,,297,21:36:04 28 Oct 2020,40000
2020,President,polls-plus,10/28/2020,Trump,Biden,"",.0037,.004725,,296,21:36:04 28 Oct 2020,40000
2020,President,polls-plus,10/28/2020,Trump,Biden,"",.0027,.007775,,295,21:36:04 28 Oct 2020,40000
2020,President,polls-plus,10/28/2020,Trump,Biden,"",.001575,.01015,,294,21:36:04 28 Oct 2020,40000
2020,President,polls-plus,10/28/2020,Trump,Biden,"",.000975,.00445,,293,21:36:04 28 Oct 2020,40000
2020,President,polls-plus,10/28/2020,Trump,Biden,"",.00125,.002,,292,21:36:04 28 Oct 2020,40000
2020,President,polls-plus,10/28/2020,Trump,Biden,"",.001175,.007325,,291,21:36:04 28 Oct 2020,40000
2020,President,polls-plus,10/28/2020,Trump,Biden,"",.00305,.01765,,290,21:36:04 28 Oct 2020,40000
2020,President,polls-plus,10/28/2020,Trump,Biden,"",.0001,0,,29,21:36:04 28 Oct 2020,40000
2020,President,polls-plus,10/28/2020,Trump,Biden,"",.002075,.00695,,289,21:36:04 28 Oct 2020,40000
2020,President,polls-plus,10/28/2020,Trump,Biden,"",.000525,.0035,,288,21:36:04 28 Oct 2020,40000
2020,President,polls-plus,10/28/2020,Trump,Biden,"",.0007,.00135,,287,21:36:04 28 Oct 2020,40000
2020,President,polls-plus,10/28/2020,Trump,Biden,"",.0043,.004,,286,21:36:04 28 Oct 2020,40000
2020,President,polls-plus,10/28/2020,Trump,Biden,"",.003725,.003425,,285,21:36:04 28 Oct 2020,40000
2020,President,polls-plus,10/28/2020,Trump,Biden,"",.003125,.002725,,284,21:36:04 28 Oct 2020,40000
2020,President,polls-plus,10/28/2020,Trump,Biden,"",.0016,.002375,,283,21:36:04 28 Oct 2020,40000
2020,President,polls-plus,10/28/2020,Trump,Biden,"",.00105,.00235,,282,21:36:04 28 Oct 2020,40000
2020,President,polls-plus,10/28/2020,Trump,Biden,"",.0015,.001125,,281,21:36:04 28 Oct 2020,40000
2020,President,polls-plus,10/28/2020,Trump,Biden,"",.006125,.008775,,280,21:36:04 28 Oct 2020,40000
2020,President,polls-plus,10/28/2020,Trump,Biden,"",.00005,0,,28,21:36:04 28 Oct 2020,40000
2020,President,polls-plus,10/28/2020,Trump,Biden,"",.005975,.01985,,279,21:36:04 28 Oct 2020,40000
2020,President,polls-plus,10/28/2020,Trump,Biden,"",.00165,.00905,,278,21:36:04 28 Oct 2020,40000
2020,President,polls-plus,10/28/2020,Trump,Biden,"",.000725,.00125,,277,21:36:04 28 Oct 2020,40000
2020,President,polls-plus,10/28/2020,Trump,Biden,"",.001925,.00135,,276,21:36:04 28 Oct 2020,40000
2020,President,polls-plus,10/28/2020,Trump,Biden,"",.003275,.00165,,275,21:36:04 28 Oct 2020,40000
2020,President,polls-plus,10/28/2020,Trump,Biden,"",.00185,.0039,,274,21:36:04 28 Oct 2020,40000
2020,President,polls-plus,10/28/2020,Trump,Biden,"",.0023,.00675,,273,21:36:04 28 Oct 2020,40000
2020,President,polls-plus,10/28/2020,Trump,Biden,"",.00145,.0026,,272,21:36:04 28 Oct 2020,40000
2020,President,polls-plus,10/28/2020,Trump,Biden,"",.00105,.00115,,271,21:36:04 28 Oct 2020,40000
2020,President,polls-plus,10/28/2020,Trump,Biden,"",.003225,.004,,270,21:36:04 28 Oct 2020,40000
2020,President,polls-plus,10/28/2020,Trump,Biden,"",.0001,0,,27,21:36:04 28 Oct 2020,40000
2020,President,polls-plus,10/28/2020,Trump,Biden,"",.004775,.004775,,269,21:36:04 28 Oct 2020,40000
2020,President,polls-plus,10/28/2020,Trump,Biden,"",.004,.003225,,268,21:36:04 28 Oct 2020,40000
2020,President,polls-plus,10/28/2020,Trump,Biden,"",.00115,.00105,,267,21:36:04 28 Oct 2020,40000
2020,President,polls-plus,10/28/2020,Trump,Biden,"",.0026,.00145,,266,21:36:04 28 Oct 2020,40000
2020,President,polls-plus,10/28/2020,Trump,Biden,"",.00675,.0023,,265,21:36:04 28 Oct 2020,40000
2020,President,polls-plus,10/28/2020,Trump,Biden,"",.0039,.00185,,264,21:36:04 28 Oct 2020,40000
2020,President,polls-plus,10/28/2020,Trump,Biden,"",.00165,.003275,,263,21:36:04 28 Oct 2020,40000
2020,President,polls-plus,10/28/2020,Trump,Biden,"",.00135,.001925,,262,21:36:04 28 Oct 2020,40000
2020,President,polls-plus,10/28/2020,Trump,Biden,"",.00125,.000725,,261,21:36:04 28 Oct 2020,40000
2020,President,polls-plus,10/28/2020,Trump,Biden,"",.00905,.00165,,260,21:36:04 28 Oct 2020,40000
2020,President,polls-plus,10/28/2020,Trump,Biden,"",.000125,0,,26,21:36:04 28 Oct 2020,40000
2020,President,polls-plus,10/28/2020,Trump,Biden,"",.01985,.005975,,259,21:36:04 28 Oct 2020,40000
2020,President,polls-plus,10/28/2020,Trump,Biden,"",.008775,.006125,,258,21:36:04 28 Oct 2020,40000
2020,President,polls-plus,10/28/2020,Trump,Biden,"",.001125,.0015,,257,21:36:04 28 Oct 2020,40000
2020,President,polls-plus,10/28/2020,Trump,Biden,"",.00235,.00105,,256,21:36:04 28 Oct 2020,40000
2020,President,polls-plus,10/28/2020,Trump,Biden,"",.002375,.0016,,255,21:36:04 28 Oct 2020,40000
2020,President,polls-plus,10/28/2020,Trump,Biden,"",.002725,.003125,,254,21:36:04 28 Oct 2020,40000
2020,President,polls-plus,10/28/2020,Trump,Biden,"",.003425,.003725,,253,21:36:04 28 Oct 2020,40000
2020,President,polls-plus,10/28/2020,Trump,Biden,"",.004,.0043,,252,21:36:04 28 Oct 2020,40000
2020,President,polls-plus,10/28/2020,Trump,Biden,"",.00135,.0007,,251,21:36:04 28 Oct 2020,40000
2020,President,polls-plus,10/28/2020,Trump,Biden,"",.0035,.000525,,250,21:36:04 28 Oct 2020,40000
2020,President,polls-plus,10/28/2020,Trump,Biden,"",.0001,0,,25,21:36:04 28 Oct 2020,40000
2020,President,polls-plus,10/28/2020,Trump,Biden,"",.00695,.002075,,249,21:36:04 28 Oct 2020,40000
2020,President,polls-plus,10/28/2020,Trump,Biden,"",.01765,.00305,,248,21:36:04 28 Oct 2020,40000
2020,President,polls-plus,10/28/2020,Trump,Biden,"",.007325,.001175,,247,21:36:04 28 Oct 2020,40000
2020,President,polls-plus,10/28/2020,Trump,Biden,"",.002,.00125,,246,21:36:04 28 Oct 2020,40000
2020,President,polls-plus,10/28/2020,Trump,Biden,"",.00445,.000975,,245,21:36:04 28 Oct 2020,40000
2020,President,polls-plus,10/28/2020,Trump,Biden,"",.01015,.001575,,244,21:36:04 28 Oct 2020,40000
2020,President,polls-plus,10/28/2020,Trump,Biden,"",.007775,.0027,,243,21:36:04 28 Oct 2020,40000
2020,President,polls-plus,10/28/2020,Trump,Biden,"",.004725,.0037,,242,21:36:04 28 Oct 2020,40000
2020,President,polls-plus,10/28/2020,Trump,Biden,"",.00575,.0006,,241,21:36:04 28 Oct 2020,40000
2020,President,polls-plus,10/28/2020,Trump,Biden,"",.004125,.00045,,240,21:36:04 28 Oct 2020,40000
2020,President,polls-plus,10/28/2020,Trump,Biden,"",.00005,0,,24,21:36:04 28 Oct 2020,40000
2020,President,polls-plus,10/28/2020,Trump,Biden,"",.002725,.0007,,239,21:36:04 28 Oct 2020,40000
2020,President,polls-plus,10/28/2020,Trump,Biden,"",.003325,.0019,,238,21:36:04 28 Oct 2020,40000
2020,President,polls-plus,10/28/2020,Trump,Biden,"",.0035,.001475,,237,21:36:04 28 Oct 2020,40000
2020,President,polls-plus,10/28/2020,Trump,Biden,"",.001925,.002125,,236,21:36:04 28 Oct 2020,40000
2020,President,polls-plus,10/28/2020,Trump,Biden,"",.002025,.00055,,235,21:36:04 28 Oct 2020,40000
2020,President,polls-plus,10/28/2020,Trump,Biden,"",.004025,.001175,,234,21:36:04 28 Oct 2020,40000
2020,President,polls-plus,10/28/2020,Trump,Biden,"",.007175,.00125,,233,21:36:04 28 Oct 2020,40000
2020,President,polls-plus,10/28/2020,Trump,Biden,"",.00645,.002475,,232,21:36:04 28 Oct 2020,40000
2020,President,polls-plus,10/28/2020,Trump,Biden,"",.00325,.000675,,231,21:36:04 28 Oct 2020,40000
2020,President,polls-plus,10/28/2020,Trump,Biden,"",.005025,.0007,,230,21:36:04 28 Oct 2020,40000
2020,President,polls-plus,10/28/2020,Trump,Biden,"",.0001,0,,23,21:36:04 28 Oct 2020,40000
2020,President,polls-plus,10/28/2020,Trump,Biden,"",.0054,.00065,,229,21:36:04 28 Oct 2020,40000
2020,President,polls-plus,10/28/2020,Trump,Biden,"",.00525,.001225,,228,21:36:04 28 Oct 2020,40000
2020,President,polls-plus,10/28/2020,Trump,Biden,"",.004125,.0017,,227,21:36:04 28 Oct 2020,40000
2020,President,polls-plus,10/28/2020,Trump,Biden,"",.005425,.00235,,226,21:36:04 28 Oct 2020,40000
2020,President,polls-plus,10/28/2020,Trump,Biden,"",.005775,.000675,,225,21:36:04 28 Oct 2020,40000
2020,President,polls-plus,10/28/2020,Trump,Biden,"",.003425,.000525,,224,21:36:04 28 Oct 2020,40000
2020,President,polls-plus,10/28/2020,Trump,Biden,"",.005325,.000775,,223,21:36:04 28 Oct 2020,40000
2020,President,polls-plus,10/28/2020,Trump,Biden,"",.00345,.001375,,222,21:36:04 28 Oct 2020,40000
2020,President,polls-plus,10/28/2020,Trump,Biden,"",.003275,.00075,,221,21:36:04 28 Oct 2020,40000
2020,President,polls-plus,10/28/2020,Trump,Biden,"",.005475,.0011,,220,21:36:04 28 Oct 2020,40000
2020,President,polls-plus,10/28/2020,Trump,Biden,"",.000175,0,,22,21:36:04 28 Oct 2020,40000
2020,President,polls-plus,10/28/2020,Trump,Biden,"",.015275,.000675,,219,21:36:04 28 Oct 2020,40000
2020,President,polls-plus,10/28/2020,Trump,Biden,"",.004875,.0006,,218,21:36:04 28 Oct 2020,40000
2020,President,polls-plus,10/28/2020,Trump,Biden,"",.0046,.000675,,217,21:36:04 28 Oct 2020,40000
2020,President,polls-plus,10/28/2020,Trump,Biden,"",.004675,.002725,,216,21:36:04 28 Oct 2020,40000
2020,President,polls-plus,10/28/2020,Trump,Biden,"",.006075,.000675,,215,21:36:04 28 Oct 2020,40000
2020,President,polls-plus,10/28/2020,Trump,Biden,"",.006175,.000625,,214,21:36:04 28 Oct 2020,40000
2020,President,polls-plus,10/28/2020,Trump,Biden,"",.00555,.0006,,213,21:36:04 28 Oct 2020,40000
2020,President,polls-plus,10/28/2020,Trump,Biden,"",.003975,.002,,212,21:36:04 28 Oct 2020,40000
2020,President,polls-plus,10/28/2020,Trump,Biden,"",.00355,.000675,,211,21:36:04 28 Oct 2020,40000
2020,President,polls-plus,10/28/2020,Trump,Biden,"",.00435,.002775,,210,21:36:04 28 Oct 2020,40000
2020,President,polls-plus,10/28/2020,Trump,Biden,"",0,0,,21,21:36:04 28 Oct 2020,40000
2020,President,polls-plus,10/28/2020,Trump,Biden,"",.004425,.000625,,209,21:36:04 28 Oct 2020,40000
2020,President,polls-plus,10/28/2020,Trump,Biden,"",.00635,.000275,,208,21:36:04 28 Oct 2020,40000
2020,President,polls-plus,10/28/2020,Trump,Biden,"",.0022,.000575,,207,21:36:04 28 Oct 2020,40000
2020,President,polls-plus,10/28/2020,Trump,Biden,"",.00175,.00015,,206,21:36:04 28 Oct 2020,40000
2020,President,polls-plus,10/28/2020,Trump,Biden,"",.00525,.00105,,205,21:36:04 28 Oct 2020,40000
2020,President,polls-plus,10/28/2020,Trump,Biden,"",.0108,.000225,,204,21:36:04 28 Oct 2020,40000
2020,President,polls-plus,10/28/2020,Trump,Biden,"",.0116,.0008,,203,21:36:04 28 Oct 2020,40000
2020,President,polls-plus,10/28/2020,Trump,Biden,"",.003075,.000275,,202,21:36:04 28 Oct 2020,40000
2020,President,polls-plus,10/28/2020,Trump,Biden,"",.002825,.000925,,201,21:36:04 28 Oct 2020,40000
2020,President,polls-plus,10/28/2020,Trump,Biden,"",.003275,.000375,,200,21:36:04 28 Oct 2020,40000
2020,President,polls-plus,10/28/2020,Trump,Biden,"",.00025,0,,20,21:36:04 28 Oct 2020,40000
2020,President,polls-plus,10/28/2020,Trump,Biden,"",.000025,0,,2,21:36:04 28 Oct 2020,40000
2020,President,polls-plus,10/28/2020,Trump,Biden,"",.0069,.0004,,199,21:36:04 28 Oct 2020,40000
2020,President,polls-plus,10/28/2020,Trump,Biden,"",.00735,.000625,,198,21:36:04 28 Oct 2020,40000
2020,President,polls-plus,10/28/2020,Trump,Biden,"",.010175,.000325,,197,21:36:04 28 Oct 2020,40000
2020,President,polls-plus,10/28/2020,Trump,Biden,"",.003425,.000725,,196,21:36:04 28 Oct 2020,40000
2020,President,polls-plus,10/28/2020,Trump,Biden,"",.0033,.000275,,195,21:36:04 28 Oct 2020,40000
2020,President,polls-plus,10/28/2020,Trump,Biden,"",.00565,.000325,,194,21:36:04 28 Oct 2020,40000
2020,President,polls-plus,10/28/2020,Trump,Biden,"",.003575,.000325,,193,21:36:04 28 Oct 2020,40000
2020,President,polls-plus,10/28/2020,Trump,Biden,"",.00545,.000175,,192,21:36:04 28 Oct 2020,40000
2020,President,polls-plus,10/28/2020,Trump,Biden,"",.003175,.00005,,191,21:36:04 28 Oct 2020,40000
2020,President,polls-plus,10/28/2020,Trump,Biden,"",.0035,.00015,,190,21:36:04 28 Oct 2020,40000
2020,President,polls-plus,10/28/2020,Trump,Biden,"",.00005,0,,19,21:36:04 28 Oct 2020,40000
2020,President,polls-plus,10/28/2020,Trump,Biden,"",.00445,.0002,,189,21:36:04 28 Oct 2020,40000
2020,President,polls-plus,10/28/2020,Trump,Biden,"",.0164,.0005,,188,21:36:04 28 Oct 2020,40000
2020,President,polls-plus,10/28/2020,Trump,Biden,"",.0083,.0001,,187,21:36:04 28 Oct 2020,40000
2020,President,polls-plus,10/28/2020,Trump,Biden,"",.0032,.000075,,186,21:36:04 28 Oct 2020,40000
2020,President,polls-plus,10/28/2020,Trump,Biden,"",.0053,.000175,,185,21:36:04 28 Oct 2020,40000
2020,President,polls-plus,10/28/2020,Trump,Biden,"",.002275,0,,184,21:36:04 28 Oct 2020,40000
2020,President,polls-plus,10/28/2020,Trump,Biden,"",.0014,.0006,,183,21:36:04 28 Oct 2020,40000
2020,President,polls-plus,10/28/2020,Trump,Biden,"",.01415,.000075,,182,21:36:04 28 Oct 2020,40000
2020,President,polls-plus,10/28/2020,Trump,Biden,"",.013525,.0001,,181,21:36:04 28 Oct 2020,40000
2020,President,polls-plus,10/28/2020,Trump,Biden,"",.00405,.000125,,180,21:36:04 28 Oct 2020,40000
2020,President,polls-plus,10/28/2020,Trump,Biden,"",.0001,0,,18,21:36:04 28 Oct 2020,40000
2020,President,polls-plus,10/28/2020,Trump,Biden,"",.01375,.00005,,179,21:36:04 28 Oct 2020,40000
2020,President,polls-plus,10/28/2020,Trump,Biden,"",.004475,.000025,,178,21:36:04 28 Oct 2020,40000
2020,President,polls-plus,10/28/2020,Trump,Biden,"",.001775,.00005,,177,21:36:04 28 Oct 2020,40000
2020,President,polls-plus,10/28/2020,Trump,Biden,"",.00525,.00035,,176,21:36:04 28 Oct 2020,40000
2020,President,polls-plus,10/28/2020,Trump,Biden,"",.003825,.000325,,175,21:36:04 28 Oct 2020,40000
2020,President,polls-plus,10/28/2020,Trump,Biden,"",.004425,0,,174,21:36:04 28 Oct 2020,40000
2020,President,polls-plus,10/28/2020,Trump,Biden,"",.0027,0,,173,21:36:04 28 Oct 2020,40000
2020,President,polls-plus,10/28/2020,Trump,Biden,"",.00165,.000025,,172,21:36:04 28 Oct 2020,40000
2020,President,polls-plus,10/28/2020,Trump,Biden,"",.0016,.0001,,171,21:36:04 28 Oct 2020,40000
2020,President,polls-plus,10/28/2020,Trump,Biden,"",.005325,.00005,,170,21:36:04 28 Oct 2020,40000
2020,President,polls-plus,10/28/2020,Trump,Biden,"",.000025,0,,17,21:36:04 28 Oct 2020,40000
2020,President,polls-plus,10/28/2020,Trump,Biden,"",.006225,.000075,,169,21:36:04 28 Oct 2020,40000
2020,President,polls-plus,10/28/2020,Trump,Biden,"",.001675,.000075,,168,21:36:04 28 Oct 2020,40000
2020,President,polls-plus,10/28/2020,Trump,Biden,"",.0023,.000025,,167,21:36:04 28 Oct 2020,40000
2020,President,polls-plus,10/28/2020,Trump,Biden,"",.003375,0,,166,21:36:04 28 Oct 2020,40000
2020,President,polls-plus,10/28/2020,Trump,Biden,"",.00305,.000025,,165,21:36:04 28 Oct 2020,40000
2020,President,polls-plus,10/28/2020,Trump,Biden,"",.009675,.000075,,164,21:36:04 28 Oct 2020,40000
2020,President,polls-plus,10/28/2020,Trump,Biden,"",.03445,.000075,,163,21:36:04 28 Oct 2020,40000
2020,President,polls-plus,10/28/2020,Trump,Biden,"",.00125,.000075,,162,21:36:04 28 Oct 2020,40000
2020,President,polls-plus,10/28/2020,Trump,Biden,"",.002825,.00005,,161,21:36:04 28 Oct 2020,40000
2020,President,polls-plus,10/28/2020,Trump,Biden,"",.012025,.00005,,160,21:36:04 28 Oct 2020,40000
2020,President,polls-plus,10/28/2020,Trump,Biden,"",.0001,0,,16,21:36:04 28 Oct 2020,40000
2020,President,polls-plus,10/28/2020,Trump,Biden,"",.00335,0,,159,21:36:04 28 Oct 2020,40000
2020,President,polls-plus,10/28/2020,Trump,Biden,"",.0018,.000025,,158,21:36:04 28 Oct 2020,40000
2020,President,polls-plus,10/28/2020,Trump,Biden,"",.005825,.000025,,157,21:36:04 28 Oct 2020,40000
2020,President,polls-plus,10/28/2020,Trump,Biden,"",.002275,.00005,,156,21:36:04 28 Oct 2020,40000
2020,President,polls-plus,10/28/2020,Trump,Biden,"",.002175,.000025,,155,21:36:04 28 Oct 2020,40000
2020,President,polls-plus,10/28/2020,Trump,Biden,"",.0032,0,,154,21:36:04 28 Oct 2020,40000
2020,President,polls-plus,10/28/2020,Trump,Biden,"",.002,0,,153,21:36:04 28 Oct 2020,40000
2020,President,polls-plus,10/28/2020,Trump,Biden,"",.002075,0,,152,21:36:04 28 Oct 2020,40000
2020,President,polls-plus,10/28/2020,Trump,Biden,"",.0027,0,,151,21:36:04 28 Oct 2020,40000
2020,President,polls-plus,10/28/2020,Trump,Biden,"",.00995,0,,150,21:36:04 28 Oct 2020,40000
2020,President,polls-plus,10/28/2020,Trump,Biden,"",.00005,0,,15,21:36:04 28 Oct 2020,40000
2020,President,polls-plus,10/28/2020,Trump,Biden,"",.0032,.000075,,149,21:36:04 28 Oct 2020,40000
2020,President,polls-plus,10/28/2020,Trump,Biden,"",.002125,0,,148,21:36:04 28 Oct 2020,40000
2020,President,polls-plus,10/28/2020,Trump,Biden,"",.0025,0,,147,21:36:04 28 Oct 2020,40000
2020,President,polls-plus,10/28/2020,Trump,Biden,"",.002275,0,,146,21:36:04 28 Oct 2020,40000
2020,President,polls-plus,10/28/2020,Trump,Biden,"",.00115,0,,145,21:36:04 28 Oct 2020,40000
2020,President,polls-plus,10/28/2020,Trump,Biden,"",.0096,.000025,,144,21:36:04 28 Oct 2020,40000
2020,President,polls-plus,10/28/2020,Trump,Biden,"",.006,.000025,,143,21:36:04 28 Oct 2020,40000
2020,President,polls-plus,10/28/2020,Trump,Biden,"",.001925,.000075,,142,21:36:04 28 Oct 2020,40000
2020,President,polls-plus,10/28/2020,Trump,Biden,"",.005775,.00005,,141,21:36:04 28 Oct 2020,40000
2020,President,polls-plus,10/28/2020,Trump,Biden,"",.002425,.000025,,140,21:36:04 28 Oct 2020,40000
2020,President,polls-plus,10/28/2020,Trump,Biden,"",.0001,0,,14,21:36:04 28 Oct 2020,40000
2020,President,polls-plus,10/28/2020,Trump,Biden,"",.001075,0,,139,21:36:04 28 Oct 2020,40000
2020,President,polls-plus,10/28/2020,Trump,Biden,"",.003625,0,,138,21:36:04 28 Oct 2020,40000
2020,President,polls-plus,10/28/2020,Trump,Biden,"",.001975,.000025,,137,21:36:04 28 Oct 2020,40000
2020,President,polls-plus,10/28/2020,Trump,Biden,"",.0016,0,,136,21:36:04 28 Oct 2020,40000
2020,President,polls-plus,10/28/2020,Trump,Biden,"",.002325,0,,135,21:36:04 28 Oct 2020,40000
2020,President,polls-plus,10/28/2020,Trump,Biden,"",.0016,0,,134,21:36:04 28 Oct 2020,40000
2020,President,polls-plus,10/28/2020,Trump,Biden,"",.00115,.000025,,133,21:36:04 28 Oct 2020,40000
2020,President,polls-plus,10/28/2020,Trump,Biden,"",.00445,0,,132,21:36:04 28 Oct 2020,40000
2020,President,polls-plus,10/28/2020,Trump,Biden,"",.00405,0,,131,21:36:04 28 Oct 2020,40000
2020,President,polls-plus,10/28/2020,Trump,Biden,"",.0013,0,,130,21:36:04 28 Oct 2020,40000
2020,President,polls-plus,10/28/2020,Trump,Biden,"",.00015,0,,13,21:36:04 28 Oct 2020,40000
2020,President,polls-plus,10/28/2020,Trump,Biden,"",.00165,.000025,,129,21:36:04 28 Oct 2020,40000
2020,President,polls-plus,10/28/2020,Trump,Biden,"",.002175,0,,128,21:36:04 28 Oct 2020,40000
2020,President,polls-plus,10/28/2020,Trump,Biden,"",.001275,0,,127,21:36:04 28 Oct 2020,40000
2020,President,polls-plus,10/28/2020,Trump,Biden,"",.014425,0,,126,21:36:04 28 Oct 2020,40000
2020,President,polls-plus,10/28/2020,Trump,Biden,"",.038725,0,,125,21:36:04 28 Oct 2020,40000
2020,President,polls-plus,10/28/2020,Trump,Biden,"",.001425,0,,124,21:36:04 28 Oct 2020,40000
2020,President,polls-plus,10/28/2020,Trump,Biden,"",.0035,.000025,,123,21:36:04 28 Oct 2020,40000
2020,President,polls-plus,10/28/2020,Trump,Biden,"",.018175,.000025,,122,21:36:04 28 Oct 2020,40000
2020,President,polls-plus,10/28/2020,Trump,Biden,"",.002075,0,,121,21:36:04 28 Oct 2020,40000
2020,President,polls-plus,10/28/2020,Trump,Biden,"",.002525,0,,120,21:36:04 28 Oct 2020,40000
2020,President,polls-plus,10/28/2020,Trump,Biden,"",.000075,0,,12,21:36:04 28 Oct 2020,40000
2020,President,polls-plus,10/28/2020,Trump,Biden,"",.010475,.00005,,119,21:36:04 28 Oct 2020,40000
2020,President,polls-plus,10/28/2020,Trump,Biden,"",.000925,0,,118,21:36:04 28 Oct 2020,40000
2020,President,polls-plus,10/28/2020,Trump,Biden,"",.00245,0,,117,21:36:04 28 Oct 2020,40000
2020,President,polls-plus,10/28/2020,Trump,Biden,"",.00585,0,,116,21:36:04 28 Oct 2020,40000
2020,President,polls-plus,10/28/2020,Trump,Biden,"",.002825,0,,115,21:36:04 28 Oct 2020,40000
2020,President,polls-plus,10/28/2020,Trump,Biden,"",.00205,.000025,,114,21:36:04 28 Oct 2020,40000
2020,President,polls-plus,10/28/2020,Trump,Biden,"",.00485,0,,113,21:36:04 28 Oct 2020,40000
2020,President,polls-plus,10/28/2020,Trump,Biden,"",.002925,0,,112,21:36:04 28 Oct 2020,40000
2020,President,polls-plus,10/28/2020,Trump,Biden,"",.002825,.000025,,111,21:36:04 28 Oct 2020,40000
2020,President,polls-plus,10/28/2020,Trump,Biden,"",.003025,0,,110,21:36:04 28 Oct 2020,40000
2020,President,polls-plus,10/28/2020,Trump,Biden,"",.000125,0,,11,21:36:04 28 Oct 2020,40000
2020,President,polls-plus,10/28/2020,Trump,Biden,"",.002725,0,,109,21:36:04 28 Oct 2020,40000
2020,President,polls-plus,10/28/2020,Trump,Biden,"",.001675,0,,108,21:36:04 28 Oct 2020,40000
2020,President,polls-plus,10/28/2020,Trump,Biden,"",.002125,0,,107,21:36:04 28 Oct 2020,40000
2020,President,polls-plus,10/28/2020,Trump,Biden,"",.002225,0,,106,21:36:04 28 Oct 2020,40000
2020,President,polls-plus,10/28/2020,Trump,Biden,"",.0012,0,,105,21:36:04 28 Oct 2020,40000
2020,President,polls-plus,10/28/2020,Trump,Biden,"",.002525,0,,104,21:36:04 28 Oct 2020,40000
2020,President,polls-plus,10/28/2020,Trump,Biden,"",.0027,0,,103,21:36:04 28 Oct 2020,40000
2020,President,polls-plus,10/28/2020,Trump,Biden,"",.00165,0,,102,21:36:04 28 Oct 2020,40000
2020,President,polls-plus,10/28/2020,Trump,Biden,"",.00165,0,,101,21:36:04 28 Oct 2020,40000
2020,President,polls-plus,10/28/2020,Trump,Biden,"",.00185,0,,100,21:36:04 28 Oct 2020,40000
2020,President,polls-plus,10/28/2020,Trump,Biden,"",.0001,0,,10,21:36:04 28 Oct 2020,40000
2020,President,polls-plus,10/28/2020,Trump,Biden,"",.0001,0,,1,21:36:04 28 Oct 2020,40000
2020,President,polls-plus,10/28/2020,Trump,Biden,"",0,0,,0,21:36:04 28 Oct 2020,40000
